address,close_hour,latitude,longitude,name,open_hour,point,postal_code,reviews,url
神奈川県川崎市高津区子母口496-1,20:30,35.5729162,139.6317033,小僧寿し 子母口店 Kozo Sushi SHIBOGUCHI,10:30,,213-0023,,https://www.ubereats.com/ja-JP/yokohama/food-delivery/%E5%B0%8F%E5%83%A7%E5%AF%BF%E3%81%97-%E5%AD%90%E6%AF%8D%E5%8F%A3%E5%BA%97-kozo-sushi-shiboguchi/CC9l5P_ITA2yAzB0-N95Ug/
神奈川県川崎市中原区新丸子東2-924-8 Kanagawa,23:59,35.5771405,139.6610285,串カツ田中 武蔵小杉 Kushikatsu Tanaka Musashikosugi,12:00,,211-0004,,https://www.ubereats.com/ja-JP/yokohama/food-delivery/%E4%B8%B2%E3%82%AB%E3%83%84%E7%94%B0%E4%B8%AD-%E6%AD%A6%E8%94%B5%E5%B0%8F%E6%9D%89-kushikatsu-tanaka-musashikosugi/2hLkihniRvmYdD3RBKLjaQ/?promo=8a71acca-69ab-484a-8aca-abbcd47f4677
中原区木月３‐52‐5 Tokyo,21:00,35.5621653,139.649405,小さな和食の店葉隠 Japanese Restaurant Hagakure,11:30,,211-0025,,https://www.ubereats.com/ja-JP/yokohama/food-delivery/%E5%B0%8F%E3%81%95%E3%81%AA%E5%92%8C%E9%A3%9F%E3%81%AE%E5%BA%97%E8%91%89%E9%9A%A0-japanese-restaurant-hagakure/qW93pUSbSQWTB143nbXZ5g/
川崎市中原区 新城3-15-8,13:30,35.58407346373797,139.6300414799772,小さなパン屋ちょっぴり Chisana pannya Cyopiri,10:00,,,,https://www.ubereats.com/ja-JP/yokohama/food-delivery/%E5%B0%8F%E3%81%95%E3%81%AA%E3%83%8F%E3%83%B3%E5%B1%8B%E3%81%A1%E3%82%87%E3%81%A3%E3%81%B2%E3%82%8A-chisana-pannya-cyopiri/35K8PkRdQyKG5lQNuVn0qQ/
Nakahara-Ku Kosugimachi 3 Chome Kawasaki-Shi Kanagawa-ken,13:30,35.574331,139.658695,魚武酒場 UODAKE Sakaba,11:30,4.8,211-0063,10,https://www.ubereats.com/ja-JP/yokohama/food-delivery/%E9%AD%9A%E6%AD%A6%E9%85%92%E5%A0%B4-uodake-sakaba/6K0r3gQHTsqF0nj2UvViDw/
神奈川県川崎市中原区上小田中6-17-7,21:15,35.5792345,139.6447905,なか卯 武蔵中原店 Nakau Musashi-Nakahara,10:00,4.5,211-0053,330,https://www.ubereats.com/ja-JP/yokohama/food-delivery/%E3%81%AA%E3%81%8B%E5%8D%AF-%E6%AD%A6%E8%94%B5%E4%B8%AD%E5%8E%9F%E5%BA%97-nakau-musashi-nakahara/XE8PaiYeTK6-M-Q9Ezeugg/
川崎市中原区 下小田中1-6-20 鹿島ビル1F Kawasaki,22:30,35.5810922,139.6388929,私のアジア 武蔵中原店 Watashi no Asia Musashinakahara,11:00,,211-0041,,https://www.ubereats.com/ja-JP/yokohama/food-delivery/%E7%A7%81%E3%81%AE%E3%82%A2%E3%82%B7%E3%82%A2-%E6%AD%A6%E8%94%B5%E4%B8%AD%E5%8E%9F%E5%BA%97-watashi-no-asia-musashinakahara/mRVCqDX1Q46LET2mT0rT_g/
神奈川県川崎市中原区新城3-1-16 Kanagawa,23:30,35.5866299,139.6305558,串カツ田中 武蔵新城 Kushikatsu Tanaka Musashishinjo,12:00,,211-0044,,https://www.ubereats.com/ja-JP/yokohama/food-delivery/%E4%B8%B2%E3%82%AB%E3%83%84%E7%94%B0%E4%B8%AD-%E6%AD%A6%E8%94%B5%E6%96%B0%E5%9F%8E-kushikatsu-tanaka-musashishinjo/jP3eqNmcSHar8R1IeXEvnw/?promo=7da55a8e-31bd-4f2f-a0cd-87ae8938e73f
神奈川県川崎市中原区下小田中１ー２８ー１,20:30,35.5792816,139.639078,サーティワン アイスクリーム 武蔵中原マルエツ店 31 IceCream Musashinakahara Maruetsu,11:00,,211-0041,,https://www.ubereats.com/ja-JP/yokohama/food-delivery/%E3%82%B5%E3%83%BC%E3%83%86%E3%82%A3%E3%83%AF%E3%83%B3-%E3%82%A2%E3%82%A4%E3%82%B9%E3%82%AF%E3%83%AA%E3%83%BC%E3%83%A0-%E6%AD%A6%E8%94%B5%E4%B8%AD%E5%8E%9F%E3%83%9E%E3%83%AB%E3%82%A8%E3%83%84%E5%BA%97-31-icecream-musashinakahara-maruetsu/Ou3sTH0BQOuWiph99860kA/
神奈川県川崎市中原区下小田中１－２８－１,20:45,35.5792816,139.639078,マクドナルド 武蔵中原マルエツ店 McDonald's MUSASHI NAKAHARA MARUETSU,10:30,4.5,2110041,267,https://www.ubereats.com/ja-JP/yokohama/food-delivery/%E3%83%9E%E3%82%AF%E3%83%88%E3%83%8A%E3%83%AB%E3%83%88-%E6%AD%A6%E8%94%B5%E4%B8%AD%E5%8E%9F%E3%83%9E%E3%83%AB%E3%82%A8%E3%83%84%E5%BA%97-mcdonalds-musashi-nakahara-maruetsu/e4XtNyZCRxKJTopwKAbLCw/
神奈川県川崎市中原区上小田中４－２－１,23:00,35.581376,139.640982,マクドナルド ビーンズ武蔵中原店 McDonald's BEANS MUSASHI NAKAHARA,10:30,4.5,2110053,500,https://www.ubereats.com/ja-JP/yokohama/food-delivery/%E3%83%9E%E3%82%AF%E3%83%88%E3%83%8A%E3%83%AB%E3%83%88-%E3%83%92%E3%83%BC%E3%83%B3%E3%82%B9%E6%AD%A6%E8%94%B5%E4%B8%AD%E5%8E%9F%E5%BA%97-mcdonalds-beans-musashi-nakahara/7DKpURPwQByeEmOn-NOyUw/
中原区新城３丁目９−３ Yokohama,19:30,35.5852164,139.6305792,あおぞらマルシェ 武蔵新城店 Aozoramarche MusashiShinjo-Shop,11:00,4.4,211-0044,36,https://www.ubereats.com/ja-JP/yokohama/food-delivery/%E3%81%82%E3%81%8A%E3%81%9D%E3%82%89%E3%83%9E%E3%83%AB%E3%82%B7%E3%82%A7-%E6%AD%A6%E8%94%B5%E6%96%B0%E5%9F%8E%E5%BA%97-aozoramarche-musashishinjo-shop/ixb-S163TsmKVDH7MR-0Ng/?promo=35b94ad4-86c2-4388-a714-f44df2a3a700
神奈川県川崎市中原区新城5-1-3 フクシマビル,22:30,35.586835,139.629612,松乃家 武蔵新城店 Matsunoya Musashi Shinjo,10:00,4.4,211-0044,270,https://www.ubereats.com/ja-JP/yokohama/food-delivery/%E6%9D%BE%E4%B9%83%E5%AE%B6-%E6%AD%A6%E8%94%B5%E6%96%B0%E5%9F%8E%E5%BA%97-matsunoya-musashi-shinjo/3Wq7aVYxRCaFrOHK8wVtRg/
915-2 Shinmarukomachi Nakahara-Ku Kawasaki-Shi Kanagawa-Ken  Japan サミットビル1F,21:30,35.5781569,139.6602224,タイレストラン コピーピー 小杉店 Thai Restaurant Koh Phi Phi,15:00,4.3,211-0005,237,https://www.ubereats.com/ja-JP/yokohama/food-delivery/%E3%82%BF%E3%82%A4%E3%83%AC%E3%82%B9%E3%83%88%E3%83%A9%E3%83%B3-%E3%82%B3%E3%83%92%E3%83%BC%E3%83%92%E3%83%BC-%E5%B0%8F%E6%9D%89%E5%BA%97-thai-restaurant-koh-phi-phi/WjE4522VR2uDfOyy8r9Jbw/
神奈川県川崎市中原区上新城2-10-15 新城ﾛｲﾔﾙﾌﾟﾗｻﾞ1F,22:30,35.587492,139.630186,松屋 武蔵新城店 Matsuya Musashishinjo,10:00,4.5,211-0045,262,https://www.ubereats.com/ja-JP/yokohama/food-delivery/%E6%9D%BE%E5%B1%8B-%E6%AD%A6%E8%94%B5%E6%96%B0%E5%9F%8E%E5%BA%97-matsuya-musashishinjo/hX8Pj-iPQEGUe7vPVlRCGw/
4 Chome-32-6 Miyauchi Nakahara-Ku Kawasaki-Shi Kanagawa-ken,22:00,35.586683,139.64216,サワディーナマステ 武蔵中原店 Sawadee Namaste Musashi Nakahara,11:00,,211-0051,,https://www.ubereats.com/ja-JP/yokohama/food-delivery/%E3%82%B5%E3%83%AF%E3%83%86%E3%82%A3%E3%83%BC%E3%83%8A%E3%83%9E%E3%82%B9%E3%83%86-%E6%AD%A6%E8%94%B5%E4%B8%AD%E5%8E%9F%E5%BA%97-sawadee-namaste-musashi-nakahara/cpNPDpD7S2qGgpzoSkvAIA/
中原区上新城２－６－１３  張本ビル１Ｆ Kanagawa,22:15,35.5881529,139.6308341,タイレストラン アロイ武蔵新城店 THAIRESUTAURANT AROI,10:45,,211-0045,,https://www.ubereats.com/ja-JP/yokohama/food-delivery/%E3%82%BF%E3%82%A4%E3%83%AC%E3%82%B9%E3%83%88%E3%83%A9%E3%83%B3-%E3%82%A2%E3%83%AD%E3%82%A4%E6%AD%A6%E8%94%B5%E6%96%B0%E5%9F%8E%E5%BA%97-thairesutaurant-aroi/gGxrtnAaS1OKeONG53wCdA/
Nakahara-Ku Kamishinjō 2 Chome−6 Kawasaki-Shi Kanagawa-ken,22:30,35.58813320000001,139.6308301,エビン 武蔵新城店 yabin musashishinjo,10:45,4.4,211-0045,89,https://www.ubereats.com/ja-JP/yokohama/food-delivery/%E3%82%A8%E3%83%92%E3%83%B3-%E6%AD%A6%E8%94%B5%E6%96%B0%E5%9F%8E%E5%BA%97-yabin-musashishinjo/ZOpn0H8qSO2MyzA3D3QxNg/
神奈川県川崎市中原区新城５−４−３,21:00,35.586289,139.629519,ケンタッキーフライドチキン 武蔵新城店 Kentucky Fried Chicken MUSASHISHINNJOU,10:30,4.4,211-0044,500,https://www.ubereats.com/ja-JP/yokohama/food-delivery/%E3%82%B1%E3%83%B3%E3%82%BF%E3%83%83%E3%82%AD%E3%83%BC%E3%83%95%E3%83%A9%E3%82%A4%E3%83%88%E3%83%81%E3%82%AD%E3%83%B3-%E6%AD%A6%E8%94%B5%E6%96%B0%E5%9F%8E%E5%BA%97-kentucky-fried-chicken-musashishinnjou/LtyNbd5XTGWZBFbBqTXlZw/
日本、〒 神奈川県川崎市中原区上新城２丁目７−１９ 神奈川県,22:50,35.58829869999999,139.630427,boba tea 武蔵新城店 boba tea Musashishinjo,10:00,4.6,211-0045,500,https://www.ubereats.com/ja-JP/yokohama/food-delivery/boba-tea-%E6%AD%A6%E8%94%B5%E6%96%B0%E5%9F%8E%E5%BA%97-boba-tea-musashishinjo/djXwc14ZSy-H7VMsfEiFIg/
神奈川県川崎市中原区上新城２丁目１１－１０,22:00,35.5876194,139.6287887,ジョナサン 武蔵新城店 Jonathan's Musashi Shinjo,10:00,4.6,211-0045,40,https://www.ubereats.com/ja-JP/yokohama/food-delivery/%E3%82%B7%E3%83%A7%E3%83%8A%E3%82%B5%E3%83%B3-%E6%AD%A6%E8%94%B5%E6%96%B0%E5%9F%8E%E5%BA%97-jonathans-musashi-shinjo/BzCaAhBGSGOmce_s-k2MDQ/
神奈川県川崎市中原区上小田中６丁目２１－１４,22:00,35.5805426,139.6423767,ジョナサン 武蔵中原店 Jonathan's Musashi Nakahara,10:00,4.6,211-0053,43,https://www.ubereats.com/ja-JP/yokohama/food-delivery/%E3%82%B7%E3%83%A7%E3%83%8A%E3%82%B5%E3%83%B3-%E6%AD%A6%E8%94%B5%E4%B8%AD%E5%8E%9F%E5%BA%97-jonathans-musashi-nakahara/9u5KHMo0SR6A93MJrcNUoQ/
神奈川県川崎市高津区溝口1-1-3 味の食彩館みぞのくち 3階,20:30,35.5988674,139.6116898,ベッカーズ 武蔵溝ノ口店 Becker's Musashi-Mizonokuchi,11:00,4.1,213-0001,194,https://www.ubereats.com/ja-JP/yokohama/food-delivery/%E3%83%98%E3%83%83%E3%82%AB%E3%83%BC%E3%82%B9-%E6%AD%A6%E8%94%B5%E6%BA%9D%E3%83%8E%E5%8F%A3%E5%BA%97-beckers-musashi-mizonokuchi/Wq9RupnYRQG1Yku5zmjQwA/
川崎市中原区 上新城2-6-14 志村ビル1F Kawasaki,21:00,35.5882376,139.6308443,丼丸 武蔵新城店 donmaru musasisinjyouten,11:00,4.4,211-0045,160,https://www.ubereats.com/ja-JP/yokohama/food-delivery/%E4%B8%BC%E4%B8%B8-%E6%AD%A6%E8%94%B5%E6%96%B0%E5%9F%8E%E5%BA%97-donmaru-musasisinjyouten/3ord5Bl9RyS1WmsC7UkVzw/
神奈川県川崎市中原区新城3-8-7 Kanagawa,22:00,35.5855852,139.630586,キッチン オリジン 武蔵新城 Kitchen Origin Musashishinjo,10:00,4.6,211-0044,17,https://www.ubereats.com/ja-JP/yokohama/food-delivery/%E3%82%AD%E3%83%83%E3%83%81%E3%83%B3-%E3%82%AA%E3%83%AA%E3%82%B7%E3%83%B3-%E6%AD%A6%E8%94%B5%E6%96%B0%E5%9F%8E-kitchen-origin-musashishinjo/FAybm5AKQEG7ZXlE0R-EYQ/
神奈川県川崎市高津区新作6-9-41 Kanagawa,22:30,35.5864285,139.6282026,ナポリの窯 武蔵新城 Naporinokama Musashishinjo,11:00,,213-0014,,https://www.ubereats.com/ja-JP/yokohama/food-delivery/%E3%83%8A%E3%83%9B%E3%83%AA%E3%81%AE%E7%AA%AF-%E6%AD%A6%E8%94%B5%E6%96%B0%E5%9F%8E-naporinokama-musashishinjo/Pnv8OzM-QzWPlV8D_xH_VQ/
中原区新城 1丁目15-6,18:30,35.5839890145518,139.63135640264346,一本堂 武蔵新城店 ＩＰＰＯＮＤＯＵ,11:00,4.9,,13,https://www.ubereats.com/ja-JP/yokohama/food-delivery/%E4%B8%80%E6%9C%AC%E5%A0%82-%E6%AD%A6%E8%94%B5%E6%96%B0%E5%9F%8E%E5%BA%97-ippondou/dYe1rM_tTfqulryWmeXr8w/
中原区今井南町４８２ １Ｆ Kawasaki,21:30,35.5718024,139.6562123,中華居酒屋 虎助 武蔵小杉店 Chinese Style Izakaya Torasuke Musashi Kosugi,17:00,,211-0064,,https://www.ubereats.com/ja-JP/yokohama/food-delivery/%E4%B8%AD%E8%8F%AF%E5%B1%85%E9%85%92%E5%B1%8B-%E8%99%8E%E5%8A%A9-%E6%AD%A6%E8%94%B5%E5%B0%8F%E6%9D%89%E5%BA%97-chinese-style-izakaya-torasuke-musashi-kosugi/Jl2y6ZwxSnurqvms-EsLnw/
2 Chome-276 Kosugimachi Nakahara-Ku Kawasaki-Shi Kanagawa-ken,21:00,35.577454,139.656808,銀座洋食三笠會舘武蔵小杉店 Ginza Yoshoku Mikasa Kaikan,11:00,4.6,211-0063,87,https://www.ubereats.com/ja-JP/yokohama/food-delivery/%E9%8A%80%E5%BA%A7%E6%B4%8B%E9%A3%9F%E4%B8%89%E7%AC%A0%E6%9C%83%E8%88%98%E6%AD%A6%E8%94%B5%E5%B0%8F%E6%9D%89%E5%BA%97-ginza-yoshoku-mikasa-kaikan/hzTrEntDQVeTwhOD3Ui1hA/
Nakahara-Ku Kosugimachi 1 Chome 川崎市中原区 神奈川県,22:30,35.578718,139.659095,伊佐木商店 武蔵小杉店 isakisyouten,17:00,4.3,211-0063,18,https://www.ubereats.com/ja-JP/yokohama/food-delivery/%E4%BC%8A%E4%BD%90%E6%9C%A8%E5%95%86%E5%BA%97-%E6%AD%A6%E8%94%B5%E5%B0%8F%E6%9D%89%E5%BA%97-isakisyouten/OyBCNWQQQwSGpX649DkeIw/
神奈川県 川崎市 中原区 新丸子東 2-925 東横小杉ビル B1F Kawasaki,23:00,35.5771606,139.6616751,レストランバー アルファクロス武蔵小杉 Restaurant&Bar ALFA CROSS Musashikosugi,18:00,,211-0004,,https://www.ubereats.com/ja-JP/yokohama/food-delivery/%E3%83%AC%E3%82%B9%E3%83%88%E3%83%A9%E3%83%B3%E3%83%8F%E3%83%BC-%E3%82%A2%E3%83%AB%E3%83%95%E3%82%A1%E3%82%AF%E3%83%AD%E3%82%B9%E6%AD%A6%E8%94%B5%E5%B0%8F%E6%9D%89-restaurant%26bar-alfa-cross-musashikosugi/PtctWn1PSES33nSAHwiUqA/
神奈川県川崎市中原区小杉町3-472 武蔵小杉東急スクエア1F,21:00,35.576125,139.659086,フレッシュネスバーガー 武蔵小杉東急スクエア店 Freshness Burger Musashikosugi Tokyu Square,10:00,4.5,211-0063,480,https://www.ubereats.com/ja-JP/yokohama/food-delivery/%E3%83%95%E3%83%AC%E3%83%83%E3%82%B7%E3%83%A5%E3%83%8D%E3%82%B9%E3%83%8F%E3%83%BC%E3%82%AB%E3%83%BC-%E6%AD%A6%E8%94%B5%E5%B0%8F%E6%9D%89%E6%9D%B1%E6%80%A5%E3%82%B9%E3%82%AF%E3%82%A8%E3%82%A2%E5%BA%97-freshness-burger-musashikosugi-tokyu-square/FfjAhEj-SiuSHZM5kMa1ww/
神奈川県川崎市中原区小杉町3-472 武蔵小杉東急スクエア ステーションマーケット,22:00,35.5758915,139.6594172,からやま 武蔵小杉店 Karayama MUSASHI-KOSUGI,10:30,4.6,211-8619,500,https://www.ubereats.com/ja-JP/yokohama/food-delivery/%E3%81%8B%E3%82%89%E3%82%84%E3%81%BE-%E6%AD%A6%E8%94%B5%E5%B0%8F%E6%9D%89%E5%BA%97-karayama-musashi-kosugi/vNWLv-GISt-J3Qwdjp9Dbw/
Nakahara-Ku Shinmarukohigashi 2 Chome−2−９０７−2 Kawasaki-Shi Kanagawa-ken,22:00,35.577352,139.660712,くし家 串猿 武蔵小杉店 Kushiya KUSHIZARU Musashikosugi,17:00,4.4,211-0004,48,https://www.ubereats.com/ja-JP/yokohama/food-delivery/%E3%81%8F%E3%81%97%E5%AE%B6-%E4%B8%B2%E7%8C%BF-%E6%AD%A6%E8%94%B5%E5%B0%8F%E6%9D%89%E5%BA%97-kushiya-kushizaru-musashikosugi/rh4uK_5bSlOe7IyHooZ54Q/
中原区新丸子町915 Yokohama,22:30,35.5778875,139.6603141,タイ屋台居酒屋バカソウルアジア 武蔵小杉 Bakasoul Asia Musashi-Kosugi,12:00,4.3,211-0005,41,https://www.ubereats.com/ja-JP/yokohama/food-delivery/%E3%82%BF%E3%82%A4%E5%B1%8B%E5%8F%B0%E5%B1%85%E9%85%92%E5%B1%8B%E3%83%8F%E3%82%AB%E3%82%BD%E3%82%A6%E3%83%AB%E3%82%A2%E3%82%B7%E3%82%A2-%E6%AD%A6%E8%94%B5%E5%B0%8F%E6%9D%89-bakasoul-asia-musashi-kosugi/IWk0nAixTUW0s4scy5MXUw/
神奈川県川崎市中原区小杉町１丁目４０３番地 小杉ビルディング２Ｆ,22:00,35.57687028639184,139.65891587519448,ガスト 武蔵小杉駅前店 Gusto Musashi Kosugi,10:30,4.5,,168,https://www.ubereats.com/ja-JP/yokohama/food-delivery/%E3%82%AB%E3%82%B9%E3%83%88-%E6%AD%A6%E8%94%B5%E5%B0%8F%E6%9D%89%E9%A7%85%E5%89%8D%E5%BA%97-gusto-musashi-kosugi/68iITecGQP-GRmJEOhCTkA/
神奈川県川崎市中原区新丸子東２－８８５,22:00,35.5790206,139.6635248,デニーズ 武蔵小杉店 Denny's MUSASHI-KOSUGI,11:00,4.3,211-0004,211,https://www.ubereats.com/ja-JP/yokohama/food-delivery/%E3%83%86%E3%83%8B%E3%83%BC%E3%82%B9-%E6%AD%A6%E8%94%B5%E5%B0%8F%E6%9D%89%E5%BA%97-dennys-musashi-kosugi/HZ38aBt6Q7i40am1CYt1sw/
神奈川県川崎市中原区小杉町３丁目１,22:30,35.5737465,139.657237,ジョナサン 武蔵小杉店 Jonathan's Musashi Kosugi,10:30,4.5,211-0063,88,https://www.ubereats.com/ja-JP/yokohama/food-delivery/%E3%82%B7%E3%83%A7%E3%83%8A%E3%82%B5%E3%83%B3-%E6%AD%A6%E8%94%B5%E5%B0%8F%E6%9D%89%E5%BA%97-jonathans-musashi-kosugi/8XJe1QlOT3GKm40xmSyE3w/
神奈川県川崎市中原区今井仲町４－３１,22:00,35.5769015,139.6509345,バーミヤン 武蔵小杉店 Bamiyan Musashi Kosugi,10:30,4.4,211-0065,329,https://www.ubereats.com/ja-JP/yokohama/food-delivery/%E3%83%8F%E3%83%BC%E3%83%9F%E3%83%A4%E3%83%B3-%E6%AD%A6%E8%94%B5%E5%B0%8F%E6%9D%89%E5%BA%97-bamiyan-musashi-kosugi/ZsbAOJktS4iy0rpst0X6TA/
Shinmarukomachi Nakahara-Ku ヴィラタルタル-ガ　102 Kawasaki-Shi Kanagawa-ken,23:00,35.57934,139.6602,灯 武蔵小杉店 AKARI MUSASHIKOSUGI,11:30,,211-0005,,https://www.ubereats.com/ja-JP/yokohama/food-delivery/%E7%81%AF-%E6%AD%A6%E8%94%B5%E5%B0%8F%E6%9D%89%E5%BA%97-akari-musashikosugi/AeLqAUimSZqgLgSs9i8Uaw/
2 Chome-907-25 Shinmarukohigashi Nakahara-Ku Kawasaki-Shi Kanagawa-ken,22:00,35.577373,139.660694,がブリチキン。武蔵小杉店 Gaburichicken Musashikosugi,17:00,4.6,211-0004,42,https://www.ubereats.com/ja-JP/yokohama/food-delivery/%E3%81%8B%E3%83%95%E3%83%AA%E3%83%81%E3%82%AD%E3%83%B3%E3%80%82%E6%AD%A6%E8%94%B5%E5%B0%8F%E6%9D%89%E5%BA%97-gaburichicken-musashikosugi/iYPqm_ssTeu7W1DxpLwi_g/
神奈川県川崎市中原区小杉町3-492 JR武蔵小杉駅改札外 北口ロータリー,20:00,35.57678097863471,139.6591589919707,ベッカーズ 武蔵小杉店 Becker's Musashi-Kosugi,11:00,4.2,,229,https://www.ubereats.com/ja-JP/yokohama/food-delivery/%E3%83%98%E3%83%83%E3%82%AB%E3%83%BC%E3%82%B9-%E6%AD%A6%E8%94%B5%E5%B0%8F%E6%9D%89%E5%BA%97-beckers-musashi-kosugi/nqWm8MVYSpWJXQv1omaihQ/
神奈川県川崎市中原区宮内4-30-10 Kanagawa,21:30,35.5859378,139.6432113,ジョリーパスタ 武蔵小杉店 Jolly Pasta Musashi Kosugi,11:00,,211-0051,,https://www.ubereats.com/ja-JP/yokohama/food-delivery/%E3%82%B7%E3%83%A7%E3%83%AA%E3%83%BC%E3%83%8F%E3%82%B9%E3%82%BF-%E6%AD%A6%E8%94%B5%E5%B0%8F%E6%9D%89%E5%BA%97-jolly-pasta-musashi-kosugi/ParVoJgfQ2enwzYznD3laA/
神奈川県川崎市中原区新丸子東３丁目１１５６－２,21:00,35.5736715,139.6617199,藍屋 武蔵小杉店  Aiya Musashi Kosugi,11:00,4.2,211-0004,32,https://www.ubereats.com/ja-JP/yokohama/food-delivery/%E8%97%8D%E5%B1%8B-%E6%AD%A6%E8%94%B5%E5%B0%8F%E6%9D%89%E5%BA%97-aiya-musashi-kosugi/pTRkmFZ4RfSbf2aud8VA4w/
神奈川県川崎市中原区小杉町3丁目441番26,23:59,35.574114806653,139.65861862475487,吉野家 武蔵小杉南口店 Yoshinoya MUSASHIKOSUGI MINAMIGUCHI,09:00,4.5,,192,https://www.ubereats.com/ja-JP/yokohama/food-delivery/%E5%90%89%E9%87%8E%E5%AE%B6-%E6%AD%A6%E8%94%B5%E5%B0%8F%E6%9D%89%E5%8D%97%E5%8F%A3%E5%BA%97-yoshinoya-musashikosugi-minamiguchi/j4_S_Oi7QkehwrExCdepQg/
神奈川県川崎市中原区小杉町3-430-1,23:00,35.574352,139.65854,牛タン圭助 武蔵小杉 Gyutan Keisuke MUSASHIKOSUGI,14:00,4.2,211-0063,231,https://www.ubereats.com/ja-JP/yokohama/food-delivery/%E7%89%9B%E3%82%BF%E3%83%B3%E5%9C%AD%E5%8A%A9-%E6%AD%A6%E8%94%B5%E5%B0%8F%E6%9D%89-gyutan-keisuke-musashikosugi/lVAPMJMkRiGoMySlG0E90Q/
神奈川県川崎市中原区小杉町3-430-22 コパンビル5Ｆ,23:00,35.5744906,139.6586539,木村屋本店 武蔵小杉店 Kimuraya Honten MUSASHIKOSUGI,16:00,4.5,211-0063,22,https://www.ubereats.com/ja-JP/yokohama/food-delivery/%E6%9C%A8%E6%9D%91%E5%B1%8B%E6%9C%AC%E5%BA%97-%E6%AD%A6%E8%94%B5%E5%B0%8F%E6%9D%89%E5%BA%97-kimuraya-honten-musashikosugi/9PDjRGm5S3yEYyelASZ1AA/
神奈川県川崎市中原区新丸子東2-924-8,23:00,35.576996,139.6609364,吉野家 武蔵小杉店 Yoshinoya MUSASHIKOSUGI,10:00,4.6,211-0004,75,https://www.ubereats.com/ja-JP/yokohama/food-delivery/%E5%90%89%E9%87%8E%E5%AE%B6-%E6%AD%A6%E8%94%B5%E5%B0%8F%E6%9D%89%E5%BA%97-yoshinoya-musashikosugi/r0dtDg-YQ6yJSxaqezkbHg/
川崎市中原区上小田中4-2-1 Beans1F,23:00,35.5813758,139.6409824,すき家 武蔵中原店 Sukiya Musashinakahara,10:00,,211-0053,,https://www.ubereats.com/ja-JP/yokohama/food-delivery/%E3%81%99%E3%81%8D%E5%AE%B6-%E6%AD%A6%E8%94%B5%E4%B8%AD%E5%8E%9F%E5%BA%97-sukiya-musashinakahara/nAfdxT6ySHWlKcGwkN0mEA/
神奈川県川崎市中原区新城３－２－１６,23:00,35.586586,139.629997,マクドナルド 武蔵新城店 McDonald's MUSASHI SHINJO,10:30,4.5,2110044,500,https://www.ubereats.com/ja-JP/yokohama/food-delivery/%E3%83%9E%E3%82%AF%E3%83%88%E3%83%8A%E3%83%AB%E3%83%88-%E6%AD%A6%E8%94%B5%E6%96%B0%E5%9F%8E%E5%BA%97-mcdonalds-musashi-shinjo/9UpEn7QgQ4K78ItzftBY-w/
